"Identifier","CP Short Title","Event Label","Parent Code","Name","Code","Lineage","Specimen Class","Specimen Type","Anatomic Site","Laterality","Pathology","Storage Type","Initial Quantity","Concentration","Quantity Unit","Concentration Unit","Collector#Email Address","Collection Container","Collection Procedure","Receiver#Email Address","Label Format","Label Auto Print Mode","Label Print Copies","Pre-barcoded Tube","Sort Order","Default Custom Field Values","Activity Status","Parent UID","Unique ID"
"58540","SS_Specimen_Centric_CP","$$cp_event_1893$$","","","","New","Fluid","Whole Blood","Not Specified","Not Specified","Not Specified","Virtual","","","ml","cells/ mL",,"Not Specified","Not Specified",,"","","","no","","","Active","","sr_58540"
"58541","SS_Specimen_Centric_CP","$$cp_event_1893$$","","","","New","Fluid","Whole Blood","Not Specified","Not Specified","Not Specified","Virtual","","","ml","cells/ mL",,"Not Specified","Not Specified",,"","","","no","","","Active","","sr_58541"
"58543","SS_Specimen_Centric_CP","$$cp_event_1893$$","","","","Derived","Fluid","Plasma","Not Specified","Not Specified","Not Specified","Virtual","","","ml","",,"Not Specified","Not Specified",,"","","","no","","","Active","sr_58541","sr_58543"
"58544","SS_Specimen_Centric_CP","$$cp_event_1893$$","","","","Aliquot","Fluid","Plasma","Not Specified","Not Specified","Not Specified","Manual","2.000000","","ml","",,"Not Specified","Not Specified",,"","","","no","","","Active","sr_58543","sr_58544"
"58545","SS_Specimen_Centric_CP","$$cp_event_1893$$","","","","Aliquot","Fluid","Plasma","Not Specified","Not Specified","Not Specified","Manual","2.000000","","ml","",,"Not Specified","Not Specified",,"","","","no","","","Active","sr_58543","sr_58545"
"58542","SS_Specimen_Centric_CP","$$cp_event_1893$$","","","","New","Fluid","Whole Blood","Not Specified","Not Specified","Not Specified","Virtual","","","ml","cells/ mL",,"Not Specified","Not Specified",,"","","","no","","","Active","","sr_58542"
